date,pm25,pm10
2021-12-28,12.0,12.0
2021-12-29,12.0,24.0
2021-12-30,26.0,25.0
2021-12-31,29.0,28.0
2022-01-01,29.0,25.0
2022-01-02,26.0,29.0
2022-01-03,30.0,38.0
2022-01-04,41.0,28.0
2022-01-05,31.0,26.0
2022-01-06,29.0,27.333333333333332
2022-01-07,29.444444444444443,28.666666666666668
2022-01-08,29.88888888888889,30.0
2022-01-09,30.333333333333332,31.333333333333332
2022-01-10,30.77777777777778,32.666666666666664
2022-01-11,31.22222222222222,34.0
2022-01-12,31.666666666666668,35.33333333333333
2022-01-13,32.111111111111114,36.666666666666664
2022-01-14,32.55555555555556,38.0
2022-01-15,33.0,47.0
2022-01-16,39.0,35.0
2022-01-17,37.0,15.0
2022-01-18,15.0,11.0
2022-01-19,10.0,26.0
2022-01-20,24.0,28.0
2022-01-21,30.0,43.0
2022-01-22,35.0,38.0
2022-01-23,41.0,47.0
2022-01-24,47.0,39.666666666666664
2022-01-25,39.0,32.333333333333336
2022-01-26,31.0,25.0
2022-01-27,23.0,33.0
2022-01-28,32.0,21.0
2022-01-29,26.0,11.0
2022-01-30,10.0,8.0
2022-01-31,8.0,6.0
2022-02-01,5.0,6.0
2022-02-02,4.0,5.0
2022-02-03,4.0,3.0
2022-02-04,2.0,3.0
2022-02-05,2.0,14.0
2022-02-06,16.0,23.0
2022-02-07,29.0,26.0
2022-02-08,32.0,19.0
2022-02-09,24.0,16.0
2022-02-10,17.0,20.0
2022-02-11,22.0,17.0
2022-02-12,18.0,18.0
2022-02-13,18.0,7.0
2022-02-14,4.0,11.0
2022-02-15,9.0,17.0
2022-02-16,22.0,25.0
2022-02-17,31.0,21.0
2022-02-18,27.0,23.0
2022-02-19,26.0,5.0
2022-02-20,4.0,6.0
2022-02-21,5.0,6.0
2022-02-22,5.0,6.0
2022-02-23,4.0,10.0
2022-02-24,9.0,7.0
2022-02-25,6.0,13.0
2022-02-26,10.0,16.0
2022-02-27,18.0,24.0
2022-02-28,28.0,23.0
2022-03-01,19.0,17.0
2022-03-02,19.0,26.0
2022-03-03,22.0,26.0
2022-03-04,26.0,17.0
2022-03-05,18.0,21.0
2022-03-06,26.0,13.0
2022-03-07,14.0,29.0
2022-03-08,21.0,32.0
2022-03-09,23.0,27.0
2022-03-10,23.0,23.0
2022-03-11,20.5,19.0
2022-03-12,18.0,23.0
2022-03-13,24.0,26.0
2022-03-14,29.0,27.0
2022-03-15,30.0,28.0
2022-03-16,31.0,29.0
2022-03-17,32.0,37.0
2022-03-18,50.0,30.0
2022-03-19,43.0,29.0
2022-03-20,35.0,34.0
2022-03-21,42.0,23.0
2022-03-22,19.0,22.0
2022-03-23,20.0,19.0
2022-03-24,20.0,29.0
2022-03-25,30.0,35.0
2022-03-26,23.0,31.0
2022-03-27,21.0,21.0
2022-03-28,17.0,20.5
2022-03-29,20.5,20.0
2022-03-30,24.0,13.0
2022-03-31,14.0,6.0
2022-04-01,8.0,3.0
2022-04-02,2.0,6.0
2022-04-03,6.0,20.0
2022-04-04,17.0,21.166666666666668
2022-04-05,18.5,22.333333333333332
2022-04-06,20.0,23.5
2022-04-07,21.5,24.666666666666668
2022-04-08,23.0,25.833333333333336
2022-04-09,24.5,27.0
2022-04-10,26.0,25.0
2022-04-11,26.0,23.333333333333332
2022-04-12,23.88888888888889,21.666666666666668
2022-04-13,21.77777777777778,20.0
2022-04-14,19.666666666666664,18.333333333333332
2022-04-15,17.555555555555557,16.666666666666664
2022-04-16,15.444444444444445,15.0
2022-04-17,13.333333333333332,13.333333333333332
2022-04-18,11.222222222222221,11.666666666666666
2022-04-19,9.11111111111111,10.0
2022-04-20,7.0,16.0
2022-04-21,15.0,16.285714285714285
2022-04-22,14.857142857142858,16.571428571428573
2022-04-23,14.714285714285714,16.857142857142858
2022-04-24,14.571428571428571,17.142857142857142
2022-04-25,14.428571428571429,17.428571428571427
2022-04-26,14.285714285714286,17.714285714285715
2022-04-27,14.142857142857142,18.0
2022-04-28,14.0,19.0
2022-04-29,17.0,9.0
2022-04-30,8.0,9.0
2022-05-01,9.0,4.0
2022-05-02,2.0,6.0
2022-05-03,4.0,19.0
2022-05-04,21.0,29.0
2022-05-05,37.0,17.0
2022-05-06,22.0,15.0
2022-05-07,18.0,17.0
2022-05-08,21.0,22.0
2022-05-09,17.0,23.0
2022-05-10,21.0,28.0
2022-05-11,17.0,29.0
2022-05-12,20.0,25.0
2022-05-13,21.0,22.0
2022-05-14,19.0,19.0
2022-05-15,12.0,17.0
2022-05-16,10.0,10.0
2022-05-17,6.0,12.0
2022-05-18,9.0,20.0
2022-05-19,17.0,16.0
2022-05-20,14.0,13.0
2022-05-21,8.0,14.0
2022-05-22,9.0,19.0
2022-05-23,13.0,31.0
2022-05-24,29.0,31.0
2022-05-25,24.0,32.0
2022-05-26,24.0,26.0
2022-05-27,17.0,25.0
2022-05-28,18.0,21.0
2022-05-29,15.0,25.0
2022-05-30,18.0,26.0
2022-05-31,18.0,27.0
2022-06-01,19.0,22.0
2022-06-02,14.0,21.0
2022-06-03,13.0,17.0
2022-06-04,10.0,18.0
2022-06-05,12.0,31.0
2022-06-06,34.0,20.0
2022-06-07,12.0,16.0
2022-06-08,9.0,24.0
2022-06-09,18.0,21.0
2022-06-10,14.0,27.0
2022-06-11,21.0,20.0
2022-06-12,13.0,22.0
2022-06-13,13.0,26.0
2022-06-14,16.0,25.0
2022-06-15,15.0,25.0
2022-06-16,14.0,25.0
2022-06-17,14.0,24.0
2022-06-18,18.0,22.0
2022-06-19,15.0,22.0
2022-06-20,15.0,20.0
2022-06-21,13.0,29.0
2022-06-22,16.0,23.0
2022-06-23,12.0,27.0
2022-06-24,20.0,21.0
2022-06-25,14.0,21.0
2022-06-26,13.0,23.0
2022-06-27,10.0,24.0
2022-06-28,13.0,21.0
2022-06-29,11.0,24.0
2022-06-30,13.0,23.153846153846153
2022-07-01,12.615384615384615,22.307692307692307
2022-07-02,12.23076923076923,21.46153846153846
2022-07-03,11.846153846153847,20.615384615384617
2022-07-04,11.461538461538462,19.76923076923077
2022-07-05,11.076923076923077,18.923076923076923
2022-07-06,10.692307692307692,18.076923076923077
2022-07-07,10.307692307692307,17.23076923076923
2022-07-08,9.923076923076923,16.384615384615387
2022-07-09,9.538461538461538,15.538461538461538
2022-07-10,9.153846153846153,14.692307692307692
2022-07-11,8.76923076923077,13.846153846153847
2022-07-12,8.384615384615383,13.0
2022-07-13,8.0,20.0
2022-07-14,13.0,9.0
2022-07-15,8.0,21.0
2022-07-16,13.0,21.0
2022-07-17,10.0,23.0
2022-07-18,11.0,25.0
2022-07-19,14.0,36.0
2022-07-20,18.0,21.0
2022-07-21,19.0,17.0
2022-07-22,10.0,16.0
2022-07-23,13.0,17.0
2022-07-24,13.0,14.0
2022-07-25,11.0,21.0
2022-07-26,15.0,22.0
2022-07-27,16.0,32.0
2022-07-28,25.0,22.0
2022-07-29,18.0,25.0
2022-07-30,16.0,24.0
2022-07-31,13.0,26.0
2022-08-01,10.0,23.25
2022-08-02,9.5,20.5
2022-08-03,9.0,17.75
2022-08-04,8.5,15.0
2022-08-05,8.0,22.0
2022-08-06,12.0,19.0
2022-08-07,10.0,12.0
2022-08-08,8.0,19.0
2022-08-09,16.0,21.0
2022-08-10,14.0,20.0
2022-08-11,12.0,19.0
2022-08-12,11.0,24.0
2022-08-13,16.0,21.0
2022-08-14,12.0,21.0
2022-08-15,11.0,21.0
2022-08-16,14.0,19.0
2022-08-17,11.0,20.0
2022-08-18,14.0,19.0
2022-08-19,10.0,31.0
2022-08-20,16.0,20.0
2022-08-21,9.0,22.0
2022-08-22,14.0,19.0
2022-08-23,12.0,22.0
2022-08-24,11.0,26.0
2022-08-25,11.0,25.685714285714287
2022-08-26,11.0,25.37142857142857
2022-08-27,11.0,25.057142857142857
2022-08-28,11.0,24.742857142857144
2022-08-29,11.0,24.428571428571427
2022-08-30,11.0,24.114285714285714
2022-08-31,11.0,23.8
2022-09-01,11.0,23.485714285714288
2022-09-02,11.0,23.17142857142857
2022-09-03,11.0,22.857142857142858
2022-09-04,11.0,22.542857142857144
2022-09-05,11.0,22.228571428571428
2022-09-06,11.0,21.914285714285715
2022-09-07,11.0,21.6
2022-09-08,11.0,21.285714285714285
2022-09-09,11.0,20.97142857142857
2022-09-10,11.0,20.65714285714286
2022-09-11,11.0,20.34285714285714
2022-09-12,11.0,20.02857142857143
2022-09-13,11.0,19.714285714285715
2022-09-14,11.0,19.4
2022-09-15,11.0,19.085714285714285
2022-09-16,11.0,18.771428571428572
2022-09-17,11.0,18.457142857142856
2022-09-18,11.0,18.142857142857142
2022-09-19,11.0,17.82857142857143
2022-09-20,11.0,17.514285714285712
2022-09-21,11.0,17.2
2022-09-22,11.0,16.885714285714286
2022-09-23,11.0,16.57142857142857
2022-09-24,11.0,16.25714285714286
2022-09-25,11.0,15.942857142857143
2022-09-26,11.0,15.628571428571428
2022-09-27,11.0,15.314285714285715
2022-09-28,11.0,15.0
2022-09-29,11.0,19.0
2022-09-30,17.0,6.0
2022-10-01,7.0,7.25
2022-10-02,8.25,8.5
2022-10-03,9.5,9.75
2022-10-04,10.75,11.0
2022-10-05,12.0,14.0
2022-10-06,13.0,19.0
2022-10-07,16.0,12.0
2022-10-08,10.0,9.0
2022-10-09,8.0,17.0
2022-10-10,22.0,15.0
2022-10-11,17.0,23.0
2022-10-12,23.0,33.0
2022-10-13,30.0,12.0
2022-10-14,12.0,17.0
2022-10-15,11.0,22.0
2022-10-16,21.0,40.0
2022-10-17,37.0,49.0
2022-10-18,49.0,8.0
2022-10-19,10.0,6.0
2022-10-20,3.0,17.0
2022-10-21,12.0,16.0
2022-10-22,16.0,33.0
2022-10-23,34.0,29.0
2022-10-24,35.0,17.0
2022-10-25,20.0,32.0
2022-10-26,32.0,25.0
2022-10-27,23.0,24.0
2022-10-28,22.0,27.0
2022-10-29,27.0,36.0
2022-10-30,43.0,26.0
2022-10-31,26.0,29.0
2022-11-01,26.0,30.0
2022-11-02,27.0,43.0
2022-11-03,43.0,40.0
2022-11-04,43.0,28.0
2022-11-05,36.0,17.0
2022-11-06,19.0,23.0
2022-11-07,23.0,22.0
2022-11-08,20.0,19.0
2022-11-09,18.0,19.0
2022-11-10,17.0,19.0
2022-11-11,18.0,19.0
2022-11-12,19.0,14.0
2022-11-13,16.0,15.0
2022-11-14,15.0,23.0
2022-11-15,21.0,22.0
2022-11-16,20.0,21.0
2022-11-17,19.0,20.0
2022-11-18,18.0,19.0
2022-11-19,17.0,18.0
2022-11-20,16.0,17.0
2022-11-21,15.0,16.0
2022-11-22,14.0,15.0
2022-11-23,13.0,14.0
2022-11-24,12.0,13.0
2022-11-25,11.0,22.0
2022-11-26,14.0,13.0
2022-11-27,10.0,19.0
2022-11-28,13.0,23.0
2022-11-29,19.0,31.0
2022-11-30,25.0,13.0
2022-12-01,11.0,11.0
2022-12-02,10.0,8.0
2022-12-03,6.0,14.0
2022-12-04,14.0,17.0
2022-12-05,22.0,12.0
2022-12-06,12.0,18.0
2022-12-07,19.0,17.0
2022-12-08,18.0,12.0
2022-12-09,15.0,16.0
2022-12-10,20.0,22.0
2022-12-11,29.0,28.0
2022-12-12,33.0,44.0
2022-12-13,57.0,43.0
2022-12-14,53.0,41.0
2022-12-15,47.0,33.0
2022-12-16,39.0,8.0
2022-12-17,7.0,11.0
2022-12-18,13.0,21.0
2022-12-19,15.0,18.0
2022-12-20,15.0,6.0
2022-12-21,6.0,35.0
2022-12-22,40.0,43.0
2022-12-23,47.0,39.0
2022-12-24,38.0,33.0
2022-12-25,29.0,30.0
2022-12-26,31.0,23.0
2022-12-27,30.0,19.5
2022-12-28,24.5,16.0
2022-12-29,19.0,16.0
2022-12-30,17.0,24.0
2022-12-31,25.0,21.0
2023-01-01,26.0,12.0
2023-01-02,9.0,11.0
2023-01-03,8.0,15.0
2023-01-04,11.0,15.0
2023-01-05,17.0,21.0
2023-01-06,24.0,17.0
2023-01-07,18.0,21.0
2023-01-08,27.0,13.0
2023-01-09,12.0,12.0
2023-01-10,9.0,14.0
2023-01-11,13.0,19.0
2023-01-12,18.0,35.0
2023-01-13,50.0,38.0
2023-01-14,43.0,41.0
2023-01-15,51.0,18.0
2023-01-16,22.0,9.0
2023-01-17,7.0,15.5
2023-01-18,16.0,22.0
2023-01-19,25.0,15.0
2023-01-20,18.0,17.0
2023-01-21,23.0,32.0
2023-01-22,47.0,26.0
2023-01-23,37.0,15.0
2023-01-24,21.0,5.0
2023-01-25,5.0,22.0
2023-01-26,25.0,18.0
2023-01-27,25.0,5.0
2023-01-28,6.0,23.0
2023-01-29,24.0,42.0
2023-01-30,39.0,42.0
2023-01-31,45.0,39.5
2023-02-01,42.3,37.0
2023-02-02,39.6,34.5
2023-02-03,36.9,32.0
2023-02-04,34.2,29.5
2023-02-05,31.5,27.0
2023-02-06,28.799999999999997,24.5
2023-02-07,26.099999999999998,22.0
2023-02-08,23.4,19.5
2023-02-09,20.7,17.0
2023-02-10,18.0,23.0
2023-02-11,25.0,24.0
2023-02-12,26.0,27.0
2023-02-13,32.0,28.0
2023-02-14,38.0,10.0
2023-02-15,10.0,32.0
2023-02-16,37.0,30.0
2023-02-17,37.0,28.0
2023-02-18,34.0,27.0
2023-02-19,33.0,22.0
2023-02-20,25.0,38.0
2023-02-21,46.0,32.0
2023-02-22,34.0,29.0
2023-02-23,28.0,28.0
2023-02-24,28.0,44.0
2023-02-25,60.0,38.0
2023-02-26,45.0,28.0
2023-02-27,32.0,17.0
2023-02-28,18.0,28.0
2023-03-01,29.0,30.0
2023-03-02,33.0,40.0
2023-03-03,48.0,40.0
2023-03-04,45.0,47.0
2023-03-05,63.0,44.0
2023-03-06,59.0,32.0
2023-03-07,32.0,31.0
2023-03-08,31.0,27.0
2023-03-09,26.0,42.0
2023-03-10,40.0,32.0
2023-03-11,31.0,29.0
2023-03-12,32.0,33.0
2023-03-13,40.0,32.0
2023-03-14,39.0,30.0
2023-03-15,31.0,19.0
2023-03-16,20.0,20.0
2023-03-17,22.0,21.0
2023-03-18,22.0,15.0
2023-03-19,18.0,21.5
2023-03-20,24.5,28.0
2023-03-21,31.0,38.0
2023-03-22,49.0,42.0
2023-03-23,54.0,37.0
2023-03-24,44.0,33.0
2023-03-25,41.0,28.0
2023-03-26,35.0,15.0
2023-03-27,15.0,11.0
2023-03-28,10.0,18.0
2023-03-29,20.0,22.0
2023-03-30,22.0,23.0
2023-03-31,30.0,24.666666666666668
2023-04-01,29.666666666666668,26.333333333333332
2023-04-02,29.333333333333332,28.0
2023-04-03,29.0,31.0
2023-04-04,32.0,38.0
2023-04-05,41.0,37.0
2023-04-06,37.0,23.0
2023-04-07,24.0,9.0
2023-04-08,8.0,15.0
2023-04-09,15.0,36.0
2023-04-10,39.0,42.0
2023-04-11,51.0,36.0
2023-04-12,44.0,27.0
2023-04-13,33.0,34.0
2023-04-14,39.0,37.0
2023-04-15,48.0,24.0
2023-04-16,33.0,39.0
2023-04-17,54.0,42.0
2023-04-18,52.0,50.0
2023-04-19,65.0,52.0
2023-04-20,67.0,55.0
2023-04-21,79.0,43.333333333333336
2023-04-22,60.0,31.666666666666668
2023-04-23,41.0,20.0
2023-04-24,22.0,16.0
2023-04-25,19.0,22.0
2023-04-26,25.0,20.0
2023-04-27,21.0,26.0
2023-04-28,28.0,28.0
2023-04-29,33.0,19.0
2023-04-30,22.0,22.0
2023-05-01,19.0,21.0
2023-05-02,23.0,21.0
2023-05-03,23.0,25.0
2023-05-04,26.0,30.0
2023-05-05,30.0,34.0
2023-05-06,36.0,38.0
2023-05-07,46.0,19.0
2023-05-08,18.0,20.0
2023-05-09,20.0,18.0
2023-05-10,17.0,24.0
2023-05-11,22.0,10.0
2023-05-12,8.0,11.0
2023-05-13,9.0,12.0
2023-05-14,11.0,14.0
2023-05-15,14.0,22.0
2023-05-16,15.0,33.0
2023-05-17,29.0,39.0
2023-05-18,42.0,44.0
2023-05-19,45.0,38.0
2023-05-20,39.0,27.0
2023-05-21,25.0,29.0
2023-05-22,27.0,28.0
2023-05-23,22.0,27.0
2023-05-24,18.0,24.0
2023-05-25,14.0,22.0
2023-05-26,14.0,18.0
2023-05-27,13.0,9.0
2023-05-28,9.0,11.0
2023-05-29,10.0,15.0
2023-05-30,12.0,21.0
2023-05-31,16.0,22.0
2023-06-01,12.0,18.0
2023-06-02,11.0,28.0
2023-06-03,20.0,25.0
2023-06-04,18.0,23.0
2023-06-05,19.0,21.0
2023-06-06,19.0,13.0
2023-06-07,8.0,18.0
2023-06-08,12.0,24.0
2023-06-09,15.0,22.0
2023-06-10,16.0,20.0
2023-06-11,16.5,18.0
2023-06-12,17.0,14.0
2023-06-13,11.0,13.0
2023-06-14,9.0,14.0
2023-06-15,7.0,17.0
2023-06-16,11.0,16.0
2023-06-17,8.0,11.0
2023-06-18,6.0,14.0
2023-06-19,9.0,17.0
2023-06-20,10.0,16.0
2023-06-21,10.0,19.0
2023-06-22,12.0,20.0
2023-06-23,14.0,19.0
2023-06-24,12.0,20.0
2023-06-25,14.0,25.0
2023-06-26,16.0,39.0
2023-06-27,26.0,36.0
2023-06-28,28.0,40.0
2023-06-29,30.0,38.0
2023-06-30,22.0,38.75
2023-07-01,22.666666666666668,39.5
2023-07-02,23.333333333333332,40.25
2023-07-03,24.0,41.0
2023-07-04,24.666666666666668,41.75
2023-07-05,25.333333333333332,42.5
2023-07-06,26.0,43.25
2023-07-07,26.666666666666664,44.0
2023-07-08,27.333333333333332,44.75
2023-07-09,28.0,45.5
2023-07-10,28.666666666666664,46.25
2023-07-11,29.333333333333332,47.0
2023-07-12,30.0,44.0
2023-07-13,23.0,41.0
2023-07-14,20.0,42.0
2023-07-15,31.0,46.0
2023-07-16,37.0,42.666666666666664
2023-07-17,31.666666666666668,39.333333333333336
2023-07-18,26.333333333333336,36.0
2023-07-19,21.0,37.0
2023-07-20,23.0,37.0
2023-07-21,28.0,21.0
2023-07-22,18.0,23.0
2023-07-23,17.0,25.0
2023-07-24,16.0,34.0
2023-07-25,18.0,29.0
2023-07-26,21.0,32.5
2023-07-27,21.0,36.0
2023-07-28,21.0,30.0
2023-07-29,24.0,29.0
2023-07-30,17.0,29.0
2023-07-31,16.0,44.0
2023-08-01,30.0,50.0
2023-08-02,43.0,43.0
2023-08-03,36.0,32.0
2023-08-04,26.0,32.0
2023-08-05,26.0,37.0
2023-08-06,30.0,34.0
2023-08-07,25.0,41.0
2023-08-08,30.0,43.0
2023-08-09,39.0,47.0
2023-08-10,30.0,54.0
2023-08-11,36.0,49.333333333333336
2023-08-12,35.666666666666664,44.666666666666664
2023-08-13,35.333333333333336,40.0
2023-08-14,35.0,46.0
2023-08-15,42.0,41.0
2023-08-16,32.0,41.0
2023-08-17,35.0,29.0
2023-08-18,18.0,35.0
2023-08-19,27.0,33.0
2023-08-20,28.0,37.0
2023-08-21,30.0,33.0
2023-08-22,24.0,30.0
2023-08-23,21.0,34.0
2023-08-24,26.0,33.0
2023-08-25,23.0,35.0
2023-08-26,22.0,30.0
2023-08-27,22.0,40.0
2023-08-28,32.0,35.0
2023-08-29,32.0,40.0
2023-08-30,37.0,25.0
2023-08-31,28.0,43.0
2023-09-01,46.0,51.0
2023-09-02,64.0,38.0
2023-09-03,42.0,30.0
2023-09-04,30.0,39.0
2023-09-05,39.0,36.0
2023-09-06,27.0,42.0
2023-09-07,23.0,41.0
2023-09-08,29.0,49.0
2023-09-09,38.0,34.0
2023-09-10,21.0,29.0
2023-09-11,18.0,33.0
2023-09-12,21.0,21.0
2023-09-13,12.0,34.0
2023-09-14,29.0,39.0
2023-09-15,32.0,33.0
2023-09-16,26.666666666666668,27.0
2023-09-17,21.333333333333336,21.0
2023-09-18,16.0,40.0
2023-09-19,24.0,38.0
2023-09-20,32.0,38.125
2023-09-21,32.160714285714285,38.25
2023-09-22,32.32142857142857,38.375
2023-09-23,32.482142857142854,38.5
2023-09-24,32.642857142857146,38.625
2023-09-25,32.80357142857143,38.75
2023-09-26,32.964285714285715,38.875
2023-09-27,33.125,39.0
2023-09-28,33.285714285714285,39.125
2023-09-29,33.44642857142857,39.25
2023-09-30,33.607142857142854,39.375
2023-10-01,33.767857142857146,39.5
2023-10-02,33.92857142857143,39.625
2023-10-03,34.089285714285715,39.75
2023-10-04,34.25,39.875
2023-10-05,34.410714285714285,40.0
2023-10-06,34.57142857142857,40.125
2023-10-07,34.732142857142854,40.25
2023-10-08,34.892857142857146,40.375
2023-10-09,35.05357142857143,40.5
2023-10-10,35.214285714285715,40.625
2023-10-11,35.375,40.75
2023-10-12,35.535714285714285,40.875
2023-10-13,35.69642857142857,41.0
2023-10-14,35.85714285714286,41.125
2023-10-15,36.017857142857146,41.25
2023-10-16,36.17857142857143,41.375
2023-10-17,36.339285714285715,41.5
2023-10-18,36.5,41.625
2023-10-19,36.660714285714285,41.75
2023-10-20,36.82142857142857,41.875
2023-10-21,36.98214285714286,42.0
2023-10-22,37.142857142857146,42.125
2023-10-23,37.30357142857143,42.25
2023-10-24,37.464285714285715,42.375
2023-10-25,37.625,42.5
2023-10-26,37.785714285714285,42.625
2023-10-27,37.94642857142857,42.75
2023-10-28,38.10714285714286,42.875
2023-10-29,38.267857142857146,43.0
2023-10-30,38.42857142857143,43.125
2023-10-31,38.589285714285715,43.25
2023-11-01,38.75,43.375
2023-11-02,38.910714285714285,43.5
2023-11-03,39.07142857142857,43.625
2023-11-04,39.23214285714286,43.75
2023-11-05,39.392857142857146,43.875
2023-11-06,39.55357142857143,44.0
2023-11-07,39.714285714285715,44.125
2023-11-08,39.875,44.25
2023-11-09,40.035714285714285,44.375
2023-11-10,40.19642857142857,44.5
2023-11-11,40.35714285714286,44.625
2023-11-12,40.517857142857146,44.75
2023-11-13,40.67857142857143,44.875
2023-11-14,40.839285714285715,45.0
2023-11-15,41.0,30.0
2023-11-16,29.0,36.0
2023-11-17,36.5,42.0
2023-11-18,44.0,48.0
2023-11-19,51.5,54.0
2023-11-20,59.0,56.0
2023-11-21,62.0,43.0
2023-11-22,46.0,32.0
2023-11-23,31.0,50.0
2023-11-24,52.0,52.5
2023-11-25,54.5,55.0
2023-11-26,57.0,51.0
2023-11-27,54.0,61.0
2023-11-28,84.0,47.0
2023-11-29,61.5,33.0
2023-11-30,39.0,49.0
2023-12-01,51.0,38.0
2023-12-02,39.0,35.0
2023-12-03,33.0,25.0
2023-12-04,25.0,31.0
2023-12-05,30.0,37.0
2023-12-06,39.0,23.0
2023-12-07,23.0,47.0
2023-12-08,47.0,65.0
2023-12-09,66.0,48.0
2023-12-10,61.0,52.0
2023-12-11,59.0,49.0
2023-12-12,49.0,42.0
2023-12-13,41.0,41.90625
2023-12-14,40.958333333333336,41.8125
2023-12-15,40.916666666666664,41.71875
2023-12-16,40.875,41.625
2023-12-17,40.833333333333336,41.53125
2023-12-18,40.791666666666664,41.4375
2023-12-19,40.75,41.34375
2023-12-20,40.708333333333336,41.25
2023-12-21,40.666666666666664,41.15625
2023-12-22,40.625,41.0625
2023-12-23,40.583333333333336,40.96875
2023-12-24,40.541666666666664,40.875
2023-12-25,40.5,40.78125
2023-12-26,40.458333333333336,40.6875
2023-12-27,40.416666666666664,40.59375
2023-12-28,40.375,40.5
2023-12-29,40.333333333333336,40.40625
2023-12-30,40.291666666666664,40.3125
2023-12-31,40.25,40.21875
2024-01-01,40.208333333333336,40.125
2024-01-02,40.166666666666664,40.03125
2024-01-03,40.125,39.9375
2024-01-04,40.083333333333336,39.84375
2024-01-05,40.041666666666664,39.75
2024-01-06,40.0,39.65625
2024-01-07,39.958333333333336,39.5625
2024-01-08,39.916666666666664,39.46875
2024-01-09,39.875,39.375
2024-01-10,39.833333333333336,39.28125
2024-01-11,39.791666666666664,39.1875
2024-01-12,39.75,39.09375
2024-01-13,39.708333333333336,39.0
2024-01-14,39.666666666666664,38.90625
2024-01-15,39.625,38.8125
2024-01-16,39.583333333333336,38.71875
2024-01-17,39.541666666666664,38.625
2024-01-18,39.5,38.53125
2024-01-19,39.458333333333336,38.4375
2024-01-20,39.416666666666664,38.34375
2024-01-21,39.375,38.25
2024-01-22,39.333333333333336,38.15625
2024-01-23,39.291666666666664,38.0625
2024-01-24,39.25,37.96875
2024-01-25,39.208333333333336,37.875
2024-01-26,39.166666666666664,37.78125
2024-01-27,39.125,37.6875
2024-01-28,39.083333333333336,37.59375
2024-01-29,39.041666666666664,37.5
2024-01-30,39.0,37.40625
2024-01-31,38.958333333333336,37.3125
2024-02-01,38.916666666666664,37.21875
2024-02-02,38.875,37.125
2024-02-03,38.833333333333336,37.03125
2024-02-04,38.791666666666664,36.9375
2024-02-05,38.75,36.84375
2024-02-06,38.708333333333336,36.75
2024-02-07,38.666666666666664,36.65625
2024-02-08,38.625,36.5625
2024-02-09,38.583333333333336,36.46875
2024-02-10,38.541666666666664,36.375
2024-02-11,38.5,36.28125
2024-02-12,38.458333333333336,36.1875
2024-02-13,38.416666666666664,36.09375
2024-02-14,38.375,36.0
2024-02-15,38.333333333333336,35.90625
2024-02-16,38.291666666666664,35.8125
2024-02-17,38.25,35.71875
2024-02-18,38.208333333333336,35.625
2024-02-19,38.166666666666664,35.53125
2024-02-20,38.125,35.4375
2024-02-21,38.083333333333336,35.34375
2024-02-22,38.041666666666664,35.25
2024-02-23,38.0,35.15625
2024-02-24,37.958333333333336,35.0625
2024-02-25,37.916666666666664,34.96875
2024-02-26,37.875,34.875
2024-02-27,37.833333333333336,34.78125
2024-02-28,37.791666666666664,34.6875
2024-02-29,37.75,34.59375
2024-03-01,37.708333333333336,34.5
2024-03-02,37.666666666666664,34.40625
2024-03-03,37.625,34.3125
2024-03-04,37.583333333333336,34.21875
2024-03-05,37.541666666666664,34.125
2024-03-06,37.5,34.03125
2024-03-07,37.458333333333336,33.9375
2024-03-08,37.416666666666664,33.84375
2024-03-09,37.375,33.75
2024-03-10,37.333333333333336,33.65625
2024-03-11,37.291666666666664,33.5625
2024-03-12,37.25,33.46875
2024-03-13,37.208333333333336,33.375
2024-03-14,37.166666666666664,33.28125
2024-03-15,37.125,33.1875
2024-03-16,37.083333333333336,33.09375
2024-03-17,37.041666666666664,33.0
2024-03-18,37.0,30.0
2024-03-19,34.0,4.0
2024-03-20,2.0,9.0
2024-03-21,5.0,14.0
2024-03-22,10.0,10.0
2024-03-23,7.0,7.0
2024-03-24,5.0,6.0
2024-03-25,4.0,7.0
2024-03-26,6.0,9.0
2024-03-27,8.0,19.0
2024-03-28,17.0,23.0
2024-03-29,25.0,23.307692307692307
2024-03-30,25.03846153846154,23.615384615384617
2024-03-31,25.076923076923077,23.923076923076923
2024-04-01,25.115384615384617,24.23076923076923
2024-04-02,25.153846153846153,24.53846153846154
2024-04-03,25.192307692307693,24.846153846153847
2024-04-04,25.23076923076923,25.153846153846153
2024-04-05,25.26923076923077,25.46153846153846
2024-04-06,25.307692307692307,25.76923076923077
2024-04-07,25.346153846153847,26.076923076923077
2024-04-08,25.384615384615383,26.384615384615387
2024-04-09,25.423076923076923,26.692307692307693
2024-04-10,25.46153846153846,27.0
2024-04-11,25.5,27.307692307692307
2024-04-12,25.53846153846154,27.615384615384617
2024-04-13,25.576923076923077,27.923076923076923
2024-04-14,25.615384615384617,28.23076923076923
2024-04-15,25.653846153846153,28.53846153846154
2024-04-16,25.692307692307693,28.846153846153847
2024-04-17,25.73076923076923,29.153846153846153
2024-04-18,25.76923076923077,29.46153846153846
2024-04-19,25.807692307692307,29.76923076923077
2024-04-20,25.846153846153847,30.076923076923077
2024-04-21,25.884615384615383,30.384615384615387
2024-04-22,25.923076923076923,30.692307692307693
2024-04-23,25.96153846153846,31.0
2024-04-24,26.0,29.88888888888889
2024-04-25,25.055555555555557,28.77777777777778
2024-04-26,24.11111111111111,27.666666666666668
2024-04-27,23.166666666666668,26.555555555555557
2024-04-28,22.22222222222222,25.444444444444443
2024-04-29,21.27777777777778,24.333333333333332
2024-04-30,20.333333333333336,23.22222222222222
2024-05-01,19.38888888888889,22.11111111111111
2024-05-02,18.444444444444443,21.0
2024-05-03,17.5,19.88888888888889
2024-05-04,16.555555555555557,18.77777777777778
2024-05-05,15.61111111111111,17.666666666666664
2024-05-06,14.666666666666668,16.555555555555557
2024-05-07,13.722222222222223,15.444444444444443
2024-05-08,12.777777777777779,14.333333333333332
2024-05-09,11.833333333333334,13.222222222222221
2024-05-10,10.88888888888889,12.11111111111111
2024-05-11,9.944444444444446,11.0
2024-05-12,9.0,9.333333333333334
2024-05-13,7.666666666666667,7.666666666666666
2024-05-14,6.333333333333334,6.0
2024-05-15,5.0,6.123376623376624
2024-05-16,5.064935064935065,6.246753246753247
2024-05-17,5.12987012987013,6.37012987012987
2024-05-18,5.194805194805195,6.4935064935064934
2024-05-19,5.259740259740259,6.616883116883117
2024-05-20,5.324675324675325,6.740259740259741
2024-05-21,5.3896103896103895,6.863636363636363
2024-05-22,5.454545454545454,6.987012987012987
2024-05-23,5.51948051948052,7.1103896103896105
2024-05-24,5.584415584415584,7.233766233766234
2024-05-25,5.64935064935065,7.357142857142858
2024-05-26,5.714285714285714,7.48051948051948
2024-05-27,5.779220779220779,7.603896103896104
2024-05-28,5.8441558441558445,7.7272727272727275
2024-05-29,5.909090909090909,7.85064935064935
2024-05-30,5.974025974025974,7.974025974025974
2024-05-31,6.038961038961039,8.097402597402597
2024-06-01,6.103896103896104,8.220779220779221
2024-06-02,6.1688311688311686,8.344155844155845
2024-06-03,6.233766233766234,8.467532467532468
2024-06-04,6.298701298701299,8.59090909090909
2024-06-05,6.363636363636363,8.714285714285715
2024-06-06,6.428571428571429,8.837662337662337
2024-06-07,6.4935064935064934,8.96103896103896
2024-06-08,6.558441558441558,9.084415584415584
2024-06-09,6.623376623376624,9.207792207792208
2024-06-10,6.688311688311688,9.331168831168831
2024-06-11,6.753246753246753,9.454545454545455
2024-06-12,6.818181818181818,9.577922077922079
2024-06-13,6.883116883116883,9.7012987012987
2024-06-14,6.948051948051948,9.824675324675324
2024-06-15,7.012987012987013,9.948051948051948
2024-06-16,7.077922077922078,10.071428571428571
2024-06-17,7.142857142857142,10.194805194805195
2024-06-18,7.207792207792208,10.318181818181818
2024-06-19,7.2727272727272725,10.441558441558442
2024-06-20,7.337662337662337,10.564935064935064
2024-06-21,7.402597402597403,10.688311688311689
2024-06-22,7.467532467532467,10.811688311688311
2024-06-23,7.532467532467532,10.935064935064936
2024-06-24,7.597402597402597,11.058441558441558
2024-06-25,7.662337662337662,11.181818181818182
2024-06-26,7.727272727272727,11.305194805194805
2024-06-27,7.792207792207792,11.428571428571429
2024-06-28,7.857142857142857,11.551948051948052
2024-06-29,7.922077922077921,11.675324675324674
2024-06-30,7.987012987012987,11.7987012987013
2024-07-01,8.051948051948052,11.922077922077921
2024-07-02,8.116883116883116,12.045454545454547
2024-07-03,8.181818181818182,12.168831168831169
2024-07-04,8.246753246753247,12.292207792207792
2024-07-05,8.311688311688311,12.415584415584416
2024-07-06,8.376623376623376,12.53896103896104
2024-07-07,8.441558441558442,12.662337662337663
2024-07-08,8.506493506493506,12.785714285714285
2024-07-09,8.571428571428571,12.90909090909091
2024-07-10,8.636363636363637,13.032467532467532
2024-07-11,8.7012987012987,13.155844155844155
2024-07-12,8.766233766233766,13.279220779220779
2024-07-13,8.831168831168831,13.402597402597403
2024-07-14,8.896103896103895,13.525974025974026
2024-07-15,8.96103896103896,13.649350649350648
2024-07-16,9.025974025974026,13.772727272727273
2024-07-17,9.09090909090909,13.896103896103895
2024-07-18,9.155844155844155,14.019480519480519
2024-07-19,9.220779220779221,14.142857142857142
2024-07-20,9.285714285714285,14.266233766233766
2024-07-21,9.35064935064935,14.38961038961039
2024-07-22,9.415584415584416,14.512987012987013
2024-07-23,9.48051948051948,14.636363636363637
2024-07-24,9.545454545454545,14.75974025974026
2024-07-25,9.61038961038961,14.883116883116884
2024-07-26,9.675324675324674,15.006493506493506
2024-07-27,9.74025974025974,15.12987012987013
2024-07-28,9.805194805194805,15.253246753246753
2024-07-29,9.870129870129869,15.376623376623376
2024-07-30,9.935064935064934,15.5
2024-07-31,10.0,15.623376623376624
2024-08-01,10.064935064935064,15.746753246753247
2024-08-02,10.12987012987013,15.87012987012987
2024-08-03,10.194805194805195,15.993506493506494
2024-08-04,10.259740259740258,16.116883116883116
2024-08-05,10.324675324675324,16.240259740259738
2024-08-06,10.38961038961039,16.363636363636363
2024-08-07,10.454545454545453,16.48701298701299
2024-08-08,10.519480519480519,16.61038961038961
2024-08-09,10.584415584415584,16.733766233766232
2024-08-10,10.649350649350648,16.857142857142858
2024-08-11,10.714285714285714,16.980519480519483
2024-08-12,10.779220779220779,17.103896103896105
2024-08-13,10.844155844155843,17.227272727272727
2024-08-14,10.909090909090908,17.35064935064935
2024-08-15,10.974025974025974,17.474025974025974
2024-08-16,11.038961038961038,17.5974025974026
2024-08-17,11.103896103896103,17.72077922077922
2024-08-18,11.168831168831169,17.844155844155843
2024-08-19,11.233766233766232,17.967532467532468
2024-08-20,11.298701298701298,18.090909090909093
2024-08-21,11.363636363636363,18.214285714285715
2024-08-22,11.428571428571427,18.337662337662337
2024-08-23,11.493506493506493,18.46103896103896
2024-08-24,11.558441558441558,18.584415584415584
2024-08-25,11.623376623376622,18.70779220779221
2024-08-26,11.688311688311687,18.83116883116883
2024-08-27,11.753246753246753,18.954545454545453
2024-08-28,11.818181818181817,19.07792207792208
2024-08-29,11.883116883116882,19.2012987012987
2024-08-30,11.948051948051948,19.324675324675326
2024-08-31,12.012987012987011,19.448051948051948
2024-09-01,12.077922077922077,19.57142857142857
2024-09-02,12.142857142857142,19.694805194805195
2024-09-03,12.207792207792206,19.81818181818182
2024-09-04,12.272727272727272,19.941558441558442
2024-09-05,12.337662337662337,20.064935064935064
2024-09-06,12.4025974025974,20.18831168831169
2024-09-07,12.467532467532468,20.31168831168831
2024-09-08,12.532467532467532,20.435064935064936
2024-09-09,12.597402597402596,20.558441558441558
2024-09-10,12.662337662337663,20.68181818181818
2024-09-11,12.727272727272727,20.805194805194805
2024-09-12,12.79220779220779,20.92857142857143
2024-09-13,12.857142857142858,21.051948051948052
2024-09-14,12.922077922077921,21.175324675324674
2024-09-15,12.987012987012985,21.298701298701296
2024-09-16,13.05194805194805,21.42207792207792
2024-09-17,13.116883116883116,21.545454545454547
2024-09-18,13.181818181818182,21.66883116883117
2024-09-19,13.246753246753245,21.79220779220779
2024-09-20,13.311688311688311,21.915584415584416
2024-09-21,13.376623376623376,22.038961038961038
2024-09-22,13.44155844155844,22.162337662337663
2024-09-23,13.506493506493506,22.285714285714285
2024-09-24,13.571428571428571,22.40909090909091
2024-09-25,13.636363636363635,22.532467532467532
2024-09-26,13.7012987012987,22.655844155844157
2024-09-27,13.766233766233766,22.77922077922078
2024-09-28,13.83116883116883,22.9025974025974
2024-09-29,13.896103896103895,23.025974025974026
2024-09-30,13.96103896103896,23.149350649350648
2024-10-01,14.025974025974024,23.272727272727273
2024-10-02,14.09090909090909,23.396103896103895
2024-10-03,14.155844155844155,23.51948051948052
2024-10-04,14.22077922077922,23.642857142857142
2024-10-05,14.285714285714285,23.766233766233768
2024-10-06,14.35064935064935,23.88961038961039
2024-10-07,14.415584415584414,24.01298701298701
2024-10-08,14.48051948051948,24.136363636363637
2024-10-09,14.545454545454545,24.25974025974026
2024-10-10,14.610389610389609,24.383116883116884
2024-10-11,14.675324675324674,24.506493506493506
2024-10-12,14.74025974025974,24.62987012987013
2024-10-13,14.805194805194803,24.753246753246753
2024-10-14,14.870129870129869,24.876623376623378
2024-10-15,14.935064935064934,25.0
2024-10-16,15.0,46.0
2024-10-17,27.0,32.0
2024-10-18,24.0,31.0
2024-10-19,19.0,32.0
2024-10-20,22.0,22.0
2024-10-21,21.0,28.0
2024-10-22,26.0,47.0
2024-10-23,51.0,46.0
2024-10-24,38.0,53.0
2024-10-25,48.0,37.0
2024-10-26,41.0,6.0
2024-10-27,4.0,34.0
2024-10-28,26.0,27.0
2024-10-29,24.0,17.0
2024-10-30,12.0,26.0
2024-10-31,31.0,63.0
2024-11-01,81.0,70.0
2024-11-02,95.0,31.0
2024-11-03,42.0,22.0
2024-11-04,18.0,29.0
2024-11-05,36.0,53.0
2024-11-06,58.0,57.0
2024-11-07,57.0,59.0
2024-11-08,55.0,64.0
2024-11-09,79.0,59.0
2024-11-10,80.0,58.0
2024-11-11,82.0,22.0
2024-11-12,25.0,39.0
2024-11-13,36.0,51.0
2024-11-14,49.0,48.0
2024-11-15,50.0,63.0
2024-11-16,84.0,72.0
2024-11-17,80.0,40.0
2024-11-18,36.0,35.0
2024-11-19,33.0,25.0
2024-11-20,19.0,19.0
2024-11-21,16.0,26.0
2024-11-22,22.0,37.0
2024-11-23,35.0,42.0
2024-11-24,40.0,47.0
2024-11-25,50.0,44.0
2024-11-26,48.0,47.0
2024-11-27,38.0,56.0
2024-11-28,45.0,58.0
2024-11-29,43.0,75.0
2024-11-30,77.0,68.0
2024-12-01,58.0,63.0
2024-12-02,64.0,48.0
2024-12-03,44.0,53.0
2024-12-04,53.0,44.0
2024-12-05,41.0,34.0
2024-12-06,30.0,52.0
2024-12-07,44.0,58.0
2024-12-08,76.0,50.0
2024-12-09,54.0,42.0
2024-12-10,47.0,26.0
2024-12-11,26.0,36.0
2024-12-12,38.0,35.0
2024-12-13,37.0,37.44444444444444
2024-12-14,40.22222222222222,39.888888888888886
2024-12-15,43.44444444444444,42.333333333333336
2024-12-16,46.66666666666667,44.77777777777778
2024-12-17,49.888888888888886,47.22222222222222
2024-12-18,53.111111111111114,49.66666666666667
2024-12-19,56.333333333333336,52.111111111111114
2024-12-20,59.55555555555556,54.55555555555556
2024-12-21,62.77777777777778,57.0
2024-12-22,66.0,22.0
2024-12-23,27.0,11.0
2024-12-24,12.0,26.0
2024-12-25,28.0,35.0
2024-12-26,37.0,41.0
2024-12-27,21.0,42.0
2024-12-28,29.5,43.0
2024-12-29,38.0,50.0
2024-12-30,59.66666666666667,57.0
2024-12-31,81.33333333333334,64.0
2025-01-01,103.0,54.0
2025-01-02,85.0,39.0
2025-01-03,61.0,52.0
2025-01-04,69.0,65.0
2025-01-05,77.0,80.0
2025-01-06,111.0,86.0
2025-01-07,107.0,70.0
2025-01-08,78.0,46.0
2025-01-09,50.0,53.0
2025-01-10,61.0,58.0
2025-01-11,65.5,63.0
2025-01-12,70.0,62.0
2025-01-13,79.0,46.0
2025-01-14,44.0,20.0
2025-01-15,22.0,49.0
2025-01-16,70.0,65.0
2025-01-17,100.0,75.0
2025-01-18,115.0,64.0
2025-01-19,85.0,66.0
2025-01-20,91.0,84.0
2025-01-21,113.0,91.0
2025-01-22,122.0,82.0
2025-01-23,106.0,63.5
2025-01-24,84.0,45.0
2025-01-25,62.0,60.0
2025-01-26,97.0,55.375
2025-01-27,88.375,50.75
2025-01-28,79.75,46.125
2025-01-29,71.125,41.5
2025-01-30,62.5,36.875
2025-01-31,53.875,32.25
2025-02-01,45.25,27.625
2025-02-02,36.625,23.0
2025-02-03,28.0,16.0
2025-02-04,18.0,28.0
2025-02-05,22.0,50.0
2025-02-06,60.0,49.0
2025-02-07,68.0,45.0
2025-02-08,52.0,52.0
2025-02-09,48.0,46.0
2025-02-10,49.0,44.0
2025-02-11,49.0,41.0
2025-02-12,56.0,10.0
2025-02-13,10.0,13.0
2025-02-14,14.0,13.0
