pm25,pm10,date
22.67,12.0,2021-12-28
12.0,24.0,2021-12-29
26.0,25.0,2021-12-30
29.0,28.0,2021-12-31
29.0,25.0,2022-01-01
26.0,29.0,2022-01-02
30.0,38.0,2022-01-03
41.0,28.0,2022-01-04
31.0,26.0,2022-01-05
29.0,33.67,2022-01-06
27.77,28.37,2022-01-07
27.77,28.37,2022-01-08
27.77,28.37,2022-01-09
27.77,28.37,2022-01-10
27.77,28.37,2022-01-11
27.77,28.37,2022-01-12
27.77,28.37,2022-01-13
49.67,38.0,2022-01-14
33.0,47.0,2022-01-15
39.0,35.0,2022-01-16
37.0,15.0,2022-01-17
15.0,11.0,2022-01-18
10.0,26.0,2022-01-19
24.0,28.0,2022-01-20
30.0,43.0,2022-01-21
35.0,38.0,2022-01-22
41.0,47.0,2022-01-23
47.0,32.67,2022-01-24
27.77,28.37,2022-01-25
18.33,25.0,2022-01-26
23.0,33.0,2022-01-27
32.0,21.0,2022-01-28
26.0,11.0,2022-01-29
10.0,8.0,2022-01-30
8.0,6.0,2022-01-31
5.0,6.0,2022-02-01
4.0,5.0,2022-02-02
4.0,3.0,2022-02-03
2.0,3.0,2022-02-04
2.0,14.0,2022-02-05
16.0,23.0,2022-02-06
29.0,26.0,2022-02-07
32.0,19.0,2022-02-08
24.0,16.0,2022-02-09
17.0,20.0,2022-02-10
22.0,17.0,2022-02-11
18.0,18.0,2022-02-12
18.0,7.0,2022-02-13
4.0,11.0,2022-02-14
9.0,17.0,2022-02-15
22.0,25.0,2022-02-16
31.0,21.0,2022-02-17
27.0,23.0,2022-02-18
26.0,5.0,2022-02-19
4.0,6.0,2022-02-20
5.0,6.0,2022-02-21
5.0,6.0,2022-02-22
4.0,10.0,2022-02-23
9.0,7.0,2022-02-24
6.0,13.0,2022-02-25
10.0,16.0,2022-02-26
18.0,24.0,2022-02-27
28.0,23.0,2022-02-28
19.0,17.0,2022-03-01
19.0,26.0,2022-03-02
22.0,26.0,2022-03-03
26.0,17.0,2022-03-04
18.0,21.0,2022-03-05
26.0,13.0,2022-03-06
14.0,29.0,2022-03-07
21.0,32.0,2022-03-08
23.0,27.0,2022-03-09
23.0,36.33,2022-03-10
15.33,19.0,2022-03-11
18.0,23.0,2022-03-12
24.0,26.0,2022-03-13
29.0,33.67,2022-03-14
27.77,28.37,2022-03-15
25.33,29.0,2022-03-16
32.0,37.0,2022-03-17
50.0,30.0,2022-03-18
43.0,29.0,2022-03-19
35.0,34.0,2022-03-20
42.0,23.0,2022-03-21
19.0,22.0,2022-03-22
20.0,19.0,2022-03-23
20.0,29.0,2022-03-24
30.0,35.0,2022-03-25
23.0,31.0,2022-03-26
21.0,21.0,2022-03-27
17.0,18.0,2022-03-28
11.33,20.0,2022-03-29
24.0,13.0,2022-03-30
14.0,6.0,2022-03-31
8.0,3.0,2022-04-01
2.0,6.0,2022-04-02
6.0,20.0,2022-04-03
17.0,18.0,2022-04-04
27.77,28.37,2022-04-05
27.77,28.37,2022-04-06
27.77,28.37,2022-04-07
27.77,28.37,2022-04-08
19.0,27.0,2022-04-09
26.0,25.0,2022-04-10
26.0,20.33,2022-04-11
27.77,28.37,2022-04-12
27.77,28.37,2022-04-13
27.77,28.37,2022-04-14
27.77,28.37,2022-04-15
27.77,28.37,2022-04-16
27.77,28.37,2022-04-17
27.77,28.37,2022-04-18
21.33,10.0,2022-04-19
7.0,16.0,2022-04-20
15.0,19.33,2022-04-21
27.77,28.37,2022-04-22
27.77,28.37,2022-04-23
27.77,28.37,2022-04-24
27.77,28.37,2022-04-25
27.77,28.37,2022-04-26
17.67,18.0,2022-04-27
14.0,19.0,2022-04-28
17.0,9.0,2022-04-29
8.0,9.0,2022-04-30
9.0,4.0,2022-05-01
2.0,6.0,2022-05-02
4.0,19.0,2022-05-03
21.0,29.0,2022-05-04
37.0,17.0,2022-05-05
22.0,15.0,2022-05-06
18.0,17.0,2022-05-07
21.0,22.0,2022-05-08
17.0,23.0,2022-05-09
21.0,28.0,2022-05-10
17.0,29.0,2022-05-11
20.0,25.0,2022-05-12
21.0,22.0,2022-05-13
19.0,19.0,2022-05-14
12.0,17.0,2022-05-15
10.0,10.0,2022-05-16
6.0,12.0,2022-05-17
9.0,20.0,2022-05-18
17.0,16.0,2022-05-19
14.0,13.0,2022-05-20
8.0,14.0,2022-05-21
9.0,19.0,2022-05-22
13.0,31.0,2022-05-23
29.0,31.0,2022-05-24
24.0,32.0,2022-05-25
24.0,26.0,2022-05-26
17.0,25.0,2022-05-27
18.0,21.0,2022-05-28
15.0,25.0,2022-05-29
18.0,26.0,2022-05-30
18.0,27.0,2022-05-31
19.0,22.0,2022-06-01
14.0,21.0,2022-06-02
13.0,17.0,2022-06-03
10.0,18.0,2022-06-04
12.0,31.0,2022-06-05
34.0,20.0,2022-06-06
12.0,16.0,2022-06-07
9.0,24.0,2022-06-08
18.0,21.0,2022-06-09
14.0,27.0,2022-06-10
21.0,20.0,2022-06-11
13.0,22.0,2022-06-12
13.0,26.0,2022-06-13
16.0,25.0,2022-06-14
15.0,25.0,2022-06-15
14.0,25.0,2022-06-16
14.0,24.0,2022-06-17
18.0,22.0,2022-06-18
15.0,22.0,2022-06-19
15.0,20.0,2022-06-20
13.0,29.0,2022-06-21
16.0,23.0,2022-06-22
12.0,27.0,2022-06-23
20.0,21.0,2022-06-24
14.0,21.0,2022-06-25
13.0,23.0,2022-06-26
10.0,24.0,2022-06-27
13.0,21.0,2022-06-28
11.0,24.0,2022-06-29
13.0,17.33,2022-06-30
27.77,28.37,2022-07-01
27.77,28.37,2022-07-02
27.77,28.37,2022-07-03
27.77,28.37,2022-07-04
27.77,28.37,2022-07-05
27.77,28.37,2022-07-06
27.77,28.37,2022-07-07
27.77,28.37,2022-07-08
27.77,28.37,2022-07-09
27.77,28.37,2022-07-10
27.77,28.37,2022-07-11
20.0,13.0,2022-07-12
8.0,20.0,2022-07-13
13.0,9.0,2022-07-14
8.0,21.0,2022-07-15
13.0,21.0,2022-07-16
10.0,23.0,2022-07-17
11.0,25.0,2022-07-18
14.0,36.0,2022-07-19
18.0,21.0,2022-07-20
19.0,17.0,2022-07-21
10.0,16.0,2022-07-22
13.0,17.0,2022-07-23
13.0,14.0,2022-07-24
11.0,21.0,2022-07-25
15.0,22.0,2022-07-26
16.0,32.0,2022-07-27
25.0,22.0,2022-07-28
18.0,25.0,2022-07-29
16.0,24.0,2022-07-30
13.0,26.0,2022-07-31
10.0,12.67,2022-08-01
27.77,28.37,2022-08-02
27.77,28.37,2022-08-03
32.33,15.0,2022-08-04
8.0,22.0,2022-08-05
12.0,19.0,2022-08-06
10.0,12.0,2022-08-07
8.0,19.0,2022-08-08
16.0,21.0,2022-08-09
14.0,20.0,2022-08-10
12.0,19.0,2022-08-11
11.0,24.0,2022-08-12
16.0,21.0,2022-08-13
12.0,21.0,2022-08-14
11.0,21.0,2022-08-15
14.0,19.0,2022-08-16
11.0,20.0,2022-08-17
14.0,19.0,2022-08-18
10.0,31.0,2022-08-19
16.0,20.0,2022-08-20
9.0,22.0,2022-08-21
14.0,19.0,2022-08-22
12.0,22.0,2022-08-23
11.0,26.0,2022-08-24
11.0,17.67,2022-08-25
27.77,28.37,2022-08-26
27.77,28.37,2022-08-27
27.77,28.37,2022-08-28
27.77,28.37,2022-08-29
27.77,28.37,2022-08-30
27.77,28.37,2022-08-31
27.77,28.37,2022-09-01
27.77,28.37,2022-09-02
27.77,28.37,2022-09-03
27.77,28.37,2022-09-04
27.77,28.37,2022-09-05
27.77,28.37,2022-09-06
27.77,28.37,2022-09-07
27.77,28.37,2022-09-08
27.77,28.37,2022-09-09
27.77,28.37,2022-09-10
27.77,28.37,2022-09-11
27.77,28.37,2022-09-12
27.77,28.37,2022-09-13
27.77,28.37,2022-09-14
27.77,28.37,2022-09-15
27.77,28.37,2022-09-16
27.77,28.37,2022-09-17
27.77,28.37,2022-09-18
27.77,28.37,2022-09-19
27.77,28.37,2022-09-20
27.77,28.37,2022-09-21
27.77,28.37,2022-09-22
27.77,28.37,2022-09-23
27.77,28.37,2022-09-24
27.77,28.37,2022-09-25
27.77,28.37,2022-09-26
27.77,28.37,2022-09-27
32.33,15.0,2022-09-28
11.0,19.0,2022-09-29
17.0,6.0,2022-09-30
7.0,11.67,2022-10-01
27.77,28.37,2022-10-02
27.77,28.37,2022-10-03
14.67,11.0,2022-10-04
12.0,14.0,2022-10-05
13.0,19.0,2022-10-06
16.0,12.0,2022-10-07
10.0,9.0,2022-10-08
8.0,17.0,2022-10-09
22.0,15.0,2022-10-10
17.0,23.0,2022-10-11
23.0,33.0,2022-10-12
30.0,12.0,2022-10-13
12.0,17.0,2022-10-14
11.0,22.0,2022-10-15
21.0,40.0,2022-10-16
37.0,49.0,2022-10-17
49.0,8.0,2022-10-18
10.0,6.0,2022-10-19
3.0,17.0,2022-10-20
12.0,16.0,2022-10-21
16.0,33.0,2022-10-22
34.0,29.0,2022-10-23
35.0,17.0,2022-10-24
20.0,32.0,2022-10-25
32.0,25.0,2022-10-26
23.0,24.0,2022-10-27
22.0,27.0,2022-10-28
27.0,36.0,2022-10-29
43.0,26.0,2022-10-30
26.0,29.0,2022-10-31
26.0,30.0,2022-11-01
27.0,43.0,2022-11-02
43.0,40.0,2022-11-03
43.0,28.0,2022-11-04
36.0,17.0,2022-11-05
19.0,23.0,2022-11-06
23.0,22.0,2022-11-07
20.0,19.0,2022-11-08
18.0,19.0,2022-11-09
17.0,19.0,2022-11-10
18.0,19.0,2022-11-11
19.0,14.0,2022-11-12
16.0,15.0,2022-11-13
15.0,23.0,2022-11-14
21.0,26.0,2022-11-15
27.77,28.37,2022-11-16
27.77,28.37,2022-11-17
27.77,28.37,2022-11-18
27.77,28.37,2022-11-19
27.77,28.37,2022-11-20
27.77,28.37,2022-11-21
27.77,28.37,2022-11-22
27.77,28.37,2022-11-23
20.0,13.0,2022-11-24
11.0,22.0,2022-11-25
14.0,13.0,2022-11-26
10.0,19.0,2022-11-27
13.0,23.0,2022-11-28
19.0,31.0,2022-11-29
25.0,13.0,2022-11-30
11.0,11.0,2022-12-01
10.0,8.0,2022-12-02
6.0,14.0,2022-12-03
14.0,17.0,2022-12-04
22.0,12.0,2022-12-05
12.0,18.0,2022-12-06
19.0,17.0,2022-12-07
18.0,12.0,2022-12-08
15.0,16.0,2022-12-09
20.0,22.0,2022-12-10
29.0,28.0,2022-12-11
33.0,44.0,2022-12-12
57.0,43.0,2022-12-13
53.0,41.0,2022-12-14
47.0,33.0,2022-12-15
39.0,8.0,2022-12-16
7.0,11.0,2022-12-17
13.0,21.0,2022-12-18
15.0,18.0,2022-12-19
15.0,6.0,2022-12-20
6.0,35.0,2022-12-21
40.0,43.0,2022-12-22
47.0,39.0,2022-12-23
38.0,33.0,2022-12-24
29.0,30.0,2022-12-25
31.0,23.0,2022-12-26
30.0,37.33,2022-12-27
10.0,16.0,2022-12-28
19.0,16.0,2022-12-29
17.0,24.0,2022-12-30
25.0,21.0,2022-12-31
26.0,12.0,2023-01-01
9.0,11.0,2023-01-02
8.0,15.0,2023-01-03
11.0,15.0,2023-01-04
17.0,21.0,2023-01-05
24.0,17.0,2023-01-06
18.0,21.0,2023-01-07
27.0,13.0,2023-01-08
12.0,12.0,2023-01-09
9.0,14.0,2023-01-10
13.0,19.0,2023-01-11
18.0,35.0,2023-01-12
50.0,38.0,2023-01-13
43.0,41.0,2023-01-14
51.0,18.0,2023-01-15
22.0,9.0,2023-01-16
7.0,11.67,2023-01-17
17.33,22.0,2023-01-18
25.0,15.0,2023-01-19
18.0,17.0,2023-01-20
23.0,32.0,2023-01-21
47.0,26.0,2023-01-22
37.0,15.0,2023-01-23
21.0,5.0,2023-01-24
5.0,22.0,2023-01-25
25.0,18.0,2023-01-26
25.0,5.0,2023-01-27
6.0,23.0,2023-01-28
24.0,42.0,2023-01-29
39.0,42.0,2023-01-30
45.0,41.33,2023-01-31
27.77,28.37,2023-02-01
27.77,28.37,2023-02-02
27.77,28.37,2023-02-03
27.77,28.37,2023-02-04
27.77,28.37,2023-02-05
27.77,28.37,2023-02-06
27.77,28.37,2023-02-07
27.77,28.37,2023-02-08
18.33,17.0,2023-02-09
18.0,23.0,2023-02-10
25.0,24.0,2023-02-11
26.0,27.0,2023-02-12
32.0,28.0,2023-02-13
38.0,10.0,2023-02-14
10.0,32.0,2023-02-15
37.0,30.0,2023-02-16
37.0,28.0,2023-02-17
34.0,27.0,2023-02-18
33.0,22.0,2023-02-19
25.0,38.0,2023-02-20
46.0,32.0,2023-02-21
34.0,29.0,2023-02-22
28.0,28.0,2023-02-23
28.0,44.0,2023-02-24
60.0,38.0,2023-02-25
45.0,28.0,2023-02-26
32.0,17.0,2023-02-27
18.0,28.0,2023-02-28
29.0,30.0,2023-03-01
33.0,40.0,2023-03-02
48.0,40.0,2023-03-03
45.0,47.0,2023-03-04
63.0,44.0,2023-03-05
59.0,32.0,2023-03-06
32.0,31.0,2023-03-07
31.0,27.0,2023-03-08
26.0,42.0,2023-03-09
40.0,32.0,2023-03-10
31.0,29.0,2023-03-11
32.0,33.0,2023-03-12
40.0,32.0,2023-03-13
39.0,30.0,2023-03-14
31.0,19.0,2023-03-15
20.0,20.0,2023-03-16
22.0,21.0,2023-03-17
22.0,15.0,2023-03-18
18.0,19.0,2023-03-19
27.67,28.0,2023-03-20
31.0,38.0,2023-03-21
49.0,42.0,2023-03-22
54.0,37.0,2023-03-23
44.0,33.0,2023-03-24
41.0,28.0,2023-03-25
35.0,15.0,2023-03-26
15.0,11.0,2023-03-27
10.0,18.0,2023-03-28
20.0,22.0,2023-03-29
22.0,23.0,2023-03-30
30.0,37.33,2023-03-31
27.77,28.37,2023-04-01
27.67,28.0,2023-04-02
29.0,31.0,2023-04-03
32.0,38.0,2023-04-04
41.0,37.0,2023-04-05
37.0,23.0,2023-04-06
24.0,9.0,2023-04-07
8.0,15.0,2023-04-08
15.0,36.0,2023-04-09
39.0,42.0,2023-04-10
51.0,36.0,2023-04-11
44.0,27.0,2023-04-12
33.0,34.0,2023-04-13
39.0,37.0,2023-04-14
48.0,24.0,2023-04-15
33.0,39.0,2023-04-16
54.0,42.0,2023-04-17
52.0,50.0,2023-04-18
65.0,52.0,2023-04-19
67.0,55.0,2023-04-20
79.0,48.33,2023-04-21
27.77,28.37,2023-04-22
11.33,20.0,2023-04-23
22.0,16.0,2023-04-24
19.0,22.0,2023-04-25
25.0,20.0,2023-04-26
21.0,26.0,2023-04-27
28.0,28.0,2023-04-28
33.0,19.0,2023-04-29
22.0,22.0,2023-04-30
19.0,21.0,2023-05-01
23.0,21.0,2023-05-02
23.0,25.0,2023-05-03
26.0,30.0,2023-05-04
30.0,34.0,2023-05-05
36.0,38.0,2023-05-06
46.0,19.0,2023-05-07
18.0,20.0,2023-05-08
20.0,18.0,2023-05-09
17.0,24.0,2023-05-10
22.0,10.0,2023-05-11
8.0,11.0,2023-05-12
9.0,12.0,2023-05-13
11.0,14.0,2023-05-14
14.0,22.0,2023-05-15
15.0,33.0,2023-05-16
29.0,39.0,2023-05-17
42.0,44.0,2023-05-18
45.0,38.0,2023-05-19
39.0,27.0,2023-05-20
25.0,29.0,2023-05-21
27.0,28.0,2023-05-22
22.0,27.0,2023-05-23
18.0,24.0,2023-05-24
14.0,22.0,2023-05-25
14.0,18.0,2023-05-26
13.0,9.0,2023-05-27
9.0,11.0,2023-05-28
10.0,15.0,2023-05-29
12.0,21.0,2023-05-30
16.0,22.0,2023-05-31
12.0,18.0,2023-06-01
11.0,28.0,2023-06-02
20.0,25.0,2023-06-03
18.0,23.0,2023-06-04
19.0,21.0,2023-06-05
19.0,13.0,2023-06-06
8.0,18.0,2023-06-07
12.0,24.0,2023-06-08
15.0,22.0,2023-06-09
16.0,24.0,2023-06-10
17.67,18.0,2023-06-11
17.0,14.0,2023-06-12
11.0,13.0,2023-06-13
9.0,14.0,2023-06-14
7.0,17.0,2023-06-15
11.0,16.0,2023-06-16
8.0,11.0,2023-06-17
6.0,14.0,2023-06-18
9.0,17.0,2023-06-19
10.0,16.0,2023-06-20
10.0,19.0,2023-06-21
12.0,20.0,2023-06-22
14.0,19.0,2023-06-23
12.0,20.0,2023-06-24
14.0,25.0,2023-06-25
16.0,39.0,2023-06-26
26.0,36.0,2023-06-27
28.0,40.0,2023-06-28
30.0,38.0,2023-06-29
22.0,35.0,2023-06-30
27.77,28.37,2023-07-01
27.77,28.37,2023-07-02
27.77,28.37,2023-07-03
27.77,28.37,2023-07-04
27.77,28.37,2023-07-05
27.77,28.37,2023-07-06
27.77,28.37,2023-07-07
27.77,28.37,2023-07-08
27.77,28.37,2023-07-09
27.77,28.37,2023-07-10
40.0,47.0,2023-07-11
30.0,44.0,2023-07-12
23.0,41.0,2023-07-13
20.0,42.0,2023-07-14
31.0,46.0,2023-07-15
37.0,20.0,2023-07-16
27.77,28.37,2023-07-17
27.0,36.0,2023-07-18
21.0,37.0,2023-07-19
23.0,37.0,2023-07-20
28.0,21.0,2023-07-21
18.0,19.0,2023-07-22
18.33,25.0,2023-07-23
16.0,34.0,2023-07-24
18.0,29.0,2023-07-25
21.0,26.0,2023-07-26
27.0,36.0,2023-07-27
21.0,30.0,2023-07-28
24.0,29.0,2023-07-29
17.0,29.0,2023-07-30
16.0,44.0,2023-07-31
30.0,50.0,2023-08-01
43.0,43.0,2023-08-02
36.0,32.0,2023-08-03
26.0,32.0,2023-08-04
26.0,37.0,2023-08-05
30.0,34.0,2023-08-06
25.0,41.0,2023-08-07
30.0,43.0,2023-08-08
39.0,47.0,2023-08-09
30.0,54.0,2023-08-10
36.0,34.33,2023-08-11
27.77,28.37,2023-08-12
31.0,40.0,2023-08-13
35.0,46.0,2023-08-14
42.0,41.0,2023-08-15
32.0,41.0,2023-08-16
35.0,29.0,2023-08-17
18.0,35.0,2023-08-18
27.0,33.0,2023-08-19
28.0,37.0,2023-08-20
30.0,33.0,2023-08-21
24.0,30.0,2023-08-22
21.0,34.0,2023-08-23
26.0,33.0,2023-08-24
23.0,35.0,2023-08-25
22.0,30.0,2023-08-26
22.0,40.0,2023-08-27
32.0,35.0,2023-08-28
32.0,40.0,2023-08-29
37.0,25.0,2023-08-30
28.0,43.0,2023-08-31
46.0,51.0,2023-09-01
64.0,38.0,2023-09-02
42.0,30.0,2023-09-03
30.0,39.0,2023-09-04
39.0,36.0,2023-09-05
27.0,42.0,2023-09-06
23.0,41.0,2023-09-07
29.0,49.0,2023-09-08
38.0,34.0,2023-09-09
21.0,29.0,2023-09-10
18.0,33.0,2023-09-11
21.0,21.0,2023-09-12
12.0,34.0,2023-09-13
29.0,39.0,2023-09-14
32.0,32.0,2023-09-15
27.77,28.37,2023-09-16
17.0,21.0,2023-09-17
16.0,40.0,2023-09-18
24.0,38.0,2023-09-19
32.0,32.0,2023-09-20
27.77,28.37,2023-09-21
27.77,28.37,2023-09-22
27.77,28.37,2023-09-23
27.77,28.37,2023-09-24
27.77,28.37,2023-09-25
27.77,28.37,2023-09-26
27.77,28.37,2023-09-27
27.77,28.37,2023-09-28
27.77,28.37,2023-09-29
27.77,28.37,2023-09-30
27.77,28.37,2023-10-01
27.77,28.37,2023-10-02
27.77,28.37,2023-10-03
27.77,28.37,2023-10-04
27.77,28.37,2023-10-05
27.77,28.37,2023-10-06
27.77,28.37,2023-10-07
27.77,28.37,2023-10-08
27.77,28.37,2023-10-09
27.77,28.37,2023-10-10
27.77,28.37,2023-10-11
27.77,28.37,2023-10-12
27.77,28.37,2023-10-13
27.77,28.37,2023-10-14
27.77,28.37,2023-10-15
27.77,28.37,2023-10-16
27.77,28.37,2023-10-17
27.77,28.37,2023-10-18
27.77,28.37,2023-10-19
27.77,28.37,2023-10-20
27.77,28.37,2023-10-21
27.77,28.37,2023-10-22
27.77,28.37,2023-10-23
27.77,28.37,2023-10-24
27.77,28.37,2023-10-25
27.77,28.37,2023-10-26
27.77,28.37,2023-10-27
27.77,28.37,2023-10-28
27.77,28.37,2023-10-29
27.77,28.37,2023-10-30
27.77,28.37,2023-10-31
27.77,28.37,2023-11-01
27.77,28.37,2023-11-02
27.77,28.37,2023-11-03
27.77,28.37,2023-11-04
27.77,28.37,2023-11-05
27.77,28.37,2023-11-06
27.77,28.37,2023-11-07
27.77,28.37,2023-11-08
27.77,28.37,2023-11-09
27.77,28.37,2023-11-10
27.77,28.37,2023-11-11
27.77,28.37,2023-11-12
27.77,28.37,2023-11-13
64.67,45.0,2023-11-14
41.0,30.0,2023-11-15
29.0,33.67,2023-11-16
27.77,28.37,2023-11-17
27.77,28.37,2023-11-18
56.33,54.0,2023-11-19
59.0,56.0,2023-11-20
62.0,43.0,2023-11-21
46.0,32.0,2023-11-22
31.0,50.0,2023-11-23
52.0,46.67,2023-11-24
45.0,55.0,2023-11-25
57.0,51.0,2023-11-26
54.0,61.0,2023-11-27
84.0,59.0,2023-11-28
30.67,33.0,2023-11-29
39.0,49.0,2023-11-30
51.0,38.0,2023-12-01
39.0,35.0,2023-12-02
33.0,25.0,2023-12-03
25.0,31.0,2023-12-04
30.0,37.0,2023-12-05
39.0,23.0,2023-12-06
23.0,47.0,2023-12-07
47.0,65.0,2023-12-08
66.0,48.0,2023-12-09
61.0,52.0,2023-12-10
59.0,49.0,2023-12-11
49.0,42.0,2023-12-12
41.0,28.67,2023-12-13
27.77,28.37,2023-12-14
27.77,28.37,2023-12-15
27.77,28.37,2023-12-16
27.77,28.37,2023-12-17
27.77,28.37,2023-12-18
27.77,28.37,2023-12-19
27.77,28.37,2023-12-20
27.77,28.37,2023-12-21
27.77,28.37,2023-12-22
27.77,28.37,2023-12-23
27.77,28.37,2023-12-24
27.77,28.37,2023-12-25
27.77,28.37,2023-12-26
27.77,28.37,2023-12-27
27.77,28.37,2023-12-28
27.77,28.37,2023-12-29
27.77,28.37,2023-12-30
27.77,28.37,2023-12-31
27.77,28.37,2024-01-01
27.77,28.37,2024-01-02
27.77,28.37,2024-01-03
27.77,28.37,2024-01-04
27.77,28.37,2024-01-05
27.77,28.37,2024-01-06
27.77,28.37,2024-01-07
27.77,28.37,2024-01-08
27.77,28.37,2024-01-09
27.77,28.37,2024-01-10
27.77,28.37,2024-01-11
27.77,28.37,2024-01-12
27.77,28.37,2024-01-13
27.77,28.37,2024-01-14
27.77,28.37,2024-01-15
27.77,28.37,2024-01-16
27.77,28.37,2024-01-17
27.77,28.37,2024-01-18
27.77,28.37,2024-01-19
27.77,28.37,2024-01-20
27.77,28.37,2024-01-21
27.77,28.37,2024-01-22
27.77,28.37,2024-01-23
27.77,28.37,2024-01-24
27.77,28.37,2024-01-25
27.77,28.37,2024-01-26
27.77,28.37,2024-01-27
27.77,28.37,2024-01-28
27.77,28.37,2024-01-29
27.77,28.37,2024-01-30
27.77,28.37,2024-01-31
27.77,28.37,2024-02-01
27.77,28.37,2024-02-02
27.77,28.37,2024-02-03
27.77,28.37,2024-02-04
27.77,28.37,2024-02-05
27.77,28.37,2024-02-06
27.77,28.37,2024-02-07
27.77,28.37,2024-02-08
27.77,28.37,2024-02-09
27.77,28.37,2024-02-10
27.77,28.37,2024-02-11
27.77,28.37,2024-02-12
27.77,28.37,2024-02-13
27.77,28.37,2024-02-14
27.77,28.37,2024-02-15
27.77,28.37,2024-02-16
27.77,28.37,2024-02-17
27.77,28.37,2024-02-18
27.77,28.37,2024-02-19
27.77,28.37,2024-02-20
27.77,28.37,2024-02-21
27.77,28.37,2024-02-22
27.77,28.37,2024-02-23
27.77,28.37,2024-02-24
27.77,28.37,2024-02-25
27.77,28.37,2024-02-26
27.77,28.37,2024-02-27
27.77,28.37,2024-02-28
27.77,28.37,2024-02-29
27.77,28.37,2024-03-01
27.77,28.37,2024-03-02
27.77,28.37,2024-03-03
27.77,28.37,2024-03-04
27.77,28.37,2024-03-05
27.77,28.37,2024-03-06
27.77,28.37,2024-03-07
27.77,28.37,2024-03-08
27.77,28.37,2024-03-09
27.77,28.37,2024-03-10
27.77,28.37,2024-03-11
27.77,28.37,2024-03-12
27.77,28.37,2024-03-13
27.77,28.37,2024-03-14
27.77,28.37,2024-03-15
27.77,28.37,2024-03-16
30.67,33.0,2024-03-17
37.0,30.0,2024-03-18
34.0,4.0,2024-03-19
2.0,9.0,2024-03-20
5.0,14.0,2024-03-21
10.0,10.0,2024-03-22
7.0,7.0,2024-03-23
5.0,6.0,2024-03-24
4.0,7.0,2024-03-25
6.0,9.0,2024-03-26
8.0,19.0,2024-03-27
17.0,23.0,2024-03-28
25.0,20.67,2024-03-29
27.77,28.37,2024-03-30
27.77,28.37,2024-03-31
27.77,28.37,2024-04-01
27.77,28.37,2024-04-02
27.77,28.37,2024-04-03
27.77,28.37,2024-04-04
27.77,28.37,2024-04-05
27.77,28.37,2024-04-06
27.77,28.37,2024-04-07
27.77,28.37,2024-04-08
27.77,28.37,2024-04-09
27.77,28.37,2024-04-10
27.77,28.37,2024-04-11
27.77,28.37,2024-04-12
27.77,28.37,2024-04-13
27.77,28.37,2024-04-14
27.77,28.37,2024-04-15
27.77,28.37,2024-04-16
27.77,28.37,2024-04-17
27.77,28.37,2024-04-18
27.77,28.37,2024-04-19
27.77,28.37,2024-04-20
27.77,28.37,2024-04-21
27.77,28.37,2024-04-22
39.33,31.0,2024-04-23
26.0,20.33,2024-04-24
27.77,28.37,2024-04-25
27.77,28.37,2024-04-26
27.77,28.37,2024-04-27
27.77,28.37,2024-04-28
27.77,28.37,2024-04-29
27.77,28.37,2024-04-30
27.77,28.37,2024-05-01
27.77,28.37,2024-05-02
27.77,28.37,2024-05-03
27.77,28.37,2024-05-04
27.77,28.37,2024-05-05
27.77,28.37,2024-05-06
27.77,28.37,2024-05-07
27.77,28.37,2024-05-08
27.77,28.37,2024-05-09
27.77,28.37,2024-05-10
14.67,11.0,2024-05-11
9.0,14.0,2024-05-12
27.77,28.37,2024-05-13
7.0,6.0,2024-05-14
5.0,14.0,2024-05-15
27.77,28.37,2024-05-16
27.77,28.37,2024-05-17
27.77,28.37,2024-05-18
27.77,28.37,2024-05-19
27.77,28.37,2024-05-20
27.77,28.37,2024-05-21
27.77,28.37,2024-05-22
27.77,28.37,2024-05-23
27.77,28.37,2024-05-24
27.77,28.37,2024-05-25
27.77,28.37,2024-05-26
27.77,28.37,2024-05-27
27.77,28.37,2024-05-28
27.77,28.37,2024-05-29
27.77,28.37,2024-05-30
27.77,28.37,2024-05-31
27.77,28.37,2024-06-01
27.77,28.37,2024-06-02
27.77,28.37,2024-06-03
27.77,28.37,2024-06-04
27.77,28.37,2024-06-05
27.77,28.37,2024-06-06
27.77,28.37,2024-06-07
27.77,28.37,2024-06-08
27.77,28.37,2024-06-09
27.77,28.37,2024-06-10
27.77,28.37,2024-06-11
27.77,28.37,2024-06-12
27.77,28.37,2024-06-13
27.77,28.37,2024-06-14
27.77,28.37,2024-06-15
27.77,28.37,2024-06-16
27.77,28.37,2024-06-17
27.77,28.37,2024-06-18
27.77,28.37,2024-06-19
27.77,28.37,2024-06-20
27.77,28.37,2024-06-21
27.77,28.37,2024-06-22
27.77,28.37,2024-06-23
27.77,28.37,2024-06-24
27.77,28.37,2024-06-25
27.77,28.37,2024-06-26
27.77,28.37,2024-06-27
27.77,28.37,2024-06-28
27.77,28.37,2024-06-29
27.77,28.37,2024-06-30
27.77,28.37,2024-07-01
27.77,28.37,2024-07-02
27.77,28.37,2024-07-03
27.77,28.37,2024-07-04
27.77,28.37,2024-07-05
27.77,28.37,2024-07-06
27.77,28.37,2024-07-07
27.77,28.37,2024-07-08
27.77,28.37,2024-07-09
27.77,28.37,2024-07-10
27.77,28.37,2024-07-11
27.77,28.37,2024-07-12
27.77,28.37,2024-07-13
27.77,28.37,2024-07-14
27.77,28.37,2024-07-15
27.77,28.37,2024-07-16
27.77,28.37,2024-07-17
27.77,28.37,2024-07-18
27.77,28.37,2024-07-19
27.77,28.37,2024-07-20
27.77,28.37,2024-07-21
27.77,28.37,2024-07-22
27.77,28.37,2024-07-23
27.77,28.37,2024-07-24
27.77,28.37,2024-07-25
27.77,28.37,2024-07-26
27.77,28.37,2024-07-27
27.77,28.37,2024-07-28
27.77,28.37,2024-07-29
27.77,28.37,2024-07-30
27.77,28.37,2024-07-31
27.77,28.37,2024-08-01
27.77,28.37,2024-08-02
27.77,28.37,2024-08-03
27.77,28.37,2024-08-04
27.77,28.37,2024-08-05
27.77,28.37,2024-08-06
27.77,28.37,2024-08-07
27.77,28.37,2024-08-08
27.77,28.37,2024-08-09
27.77,28.37,2024-08-10
27.77,28.37,2024-08-11
27.77,28.37,2024-08-12
27.77,28.37,2024-08-13
27.77,28.37,2024-08-14
27.77,28.37,2024-08-15
27.77,28.37,2024-08-16
27.77,28.37,2024-08-17
27.77,28.37,2024-08-18
27.77,28.37,2024-08-19
27.77,28.37,2024-08-20
27.77,28.37,2024-08-21
27.77,28.37,2024-08-22
27.77,28.37,2024-08-23
27.77,28.37,2024-08-24
27.77,28.37,2024-08-25
27.77,28.37,2024-08-26
27.77,28.37,2024-08-27
27.77,28.37,2024-08-28
27.77,28.37,2024-08-29
27.77,28.37,2024-08-30
27.77,28.37,2024-08-31
27.77,28.37,2024-09-01
27.77,28.37,2024-09-02
27.77,28.37,2024-09-03
27.77,28.37,2024-09-04
27.77,28.37,2024-09-05
27.77,28.37,2024-09-06
27.77,28.37,2024-09-07
27.77,28.37,2024-09-08
27.77,28.37,2024-09-09
27.77,28.37,2024-09-10
27.77,28.37,2024-09-11
27.77,28.37,2024-09-12
27.77,28.37,2024-09-13
27.77,28.37,2024-09-14
27.77,28.37,2024-09-15
27.77,28.37,2024-09-16
27.77,28.37,2024-09-17
27.77,28.37,2024-09-18
27.77,28.37,2024-09-19
27.77,28.37,2024-09-20
27.77,28.37,2024-09-21
27.77,28.37,2024-09-22
27.77,28.37,2024-09-23
27.77,28.37,2024-09-24
27.77,28.37,2024-09-25
27.77,28.37,2024-09-26
27.77,28.37,2024-09-27
27.77,28.37,2024-09-28
27.77,28.37,2024-09-29
27.77,28.37,2024-09-30
27.77,28.37,2024-10-01
27.77,28.37,2024-10-02
27.77,28.37,2024-10-03
27.77,28.37,2024-10-04
27.77,28.37,2024-10-05
27.77,28.37,2024-10-06
27.77,28.37,2024-10-07
27.77,28.37,2024-10-08
27.77,28.37,2024-10-09
27.77,28.37,2024-10-10
27.77,28.37,2024-10-11
27.77,28.37,2024-10-12
27.77,28.37,2024-10-13
27.77,28.37,2024-10-14
18.33,25.0,2024-10-15
15.0,46.0,2024-10-16
27.0,32.0,2024-10-17
24.0,31.0,2024-10-18
19.0,32.0,2024-10-19
22.0,22.0,2024-10-20
21.0,28.0,2024-10-21
26.0,47.0,2024-10-22
51.0,46.0,2024-10-23
38.0,53.0,2024-10-24
48.0,37.0,2024-10-25
41.0,6.0,2024-10-26
4.0,34.0,2024-10-27
26.0,27.0,2024-10-28
24.0,17.0,2024-10-29
12.0,26.0,2024-10-30
31.0,63.0,2024-10-31
81.0,70.0,2024-11-01
95.0,31.0,2024-11-02
42.0,22.0,2024-11-03
18.0,29.0,2024-11-04
36.0,53.0,2024-11-05
58.0,57.0,2024-11-06
57.0,59.0,2024-11-07
55.0,64.0,2024-11-08
79.0,59.0,2024-11-09
80.0,58.0,2024-11-10
82.0,22.0,2024-11-11
25.0,39.0,2024-11-12
36.0,51.0,2024-11-13
49.0,48.0,2024-11-14
50.0,63.0,2024-11-15
84.0,72.0,2024-11-16
80.0,40.0,2024-11-17
36.0,35.0,2024-11-18
33.0,25.0,2024-11-19
19.0,19.0,2024-11-20
16.0,26.0,2024-11-21
22.0,37.0,2024-11-22
35.0,42.0,2024-11-23
40.0,47.0,2024-11-24
50.0,44.0,2024-11-25
48.0,47.0,2024-11-26
38.0,56.0,2024-11-27
45.0,58.0,2024-11-28
43.0,75.0,2024-11-29
77.0,68.0,2024-11-30
58.0,63.0,2024-12-01
64.0,48.0,2024-12-02
44.0,53.0,2024-12-03
53.0,44.0,2024-12-04
41.0,34.0,2024-12-05
30.0,52.0,2024-12-06
44.0,58.0,2024-12-07
76.0,50.0,2024-12-08
54.0,42.0,2024-12-09
47.0,26.0,2024-12-10
26.0,36.0,2024-12-11
38.0,35.0,2024-12-12
37.0,20.0,2024-12-13
27.77,28.37,2024-12-14
27.77,28.37,2024-12-15
27.77,28.37,2024-12-16
27.77,28.37,2024-12-17
27.77,28.37,2024-12-18
27.77,28.37,2024-12-19
27.77,28.37,2024-12-20
61.0,57.0,2024-12-21
66.0,22.0,2024-12-22
27.0,11.0,2024-12-23
12.0,26.0,2024-12-24
28.0,35.0,2024-12-25
37.0,41.0,2024-12-26
21.0,26.0,2024-12-27
43.33,43.0,2024-12-28
38.0,41.0,2024-12-29
27.77,28.37,2024-12-30
72.33,64.0,2024-12-31
103.0,54.0,2025-01-01
85.0,39.0,2025-01-02
61.0,44.33,2025-01-03
57.33,65.0,2025-01-04
77.0,80.0,2025-01-05
111.0,86.0,2025-01-06
107.0,70.0,2025-01-07
78.0,46.0,2025-01-08
50.0,53.0,2025-01-09
61.0,44.33,2025-01-10
46.33,63.0,2025-01-11
70.0,62.0,2025-01-12
79.0,46.0,2025-01-13
44.0,20.0,2025-01-14
22.0,49.0,2025-01-15
70.0,65.0,2025-01-16
100.0,75.0,2025-01-17
115.0,64.0,2025-01-18
85.0,66.0,2025-01-19
91.0,84.0,2025-01-20
113.0,91.0,2025-01-21
122.0,82.0,2025-01-22
106.0,70.0,2025-01-23
64.67,45.0,2025-01-24
62.0,60.0,2025-01-25
97.0,53.33,2025-01-26
27.77,28.37,2025-01-27
27.77,28.37,2025-01-28
27.77,28.37,2025-01-29
27.77,28.37,2025-01-30
27.77,28.37,2025-01-31
27.77,28.37,2025-02-01
19.33,23.0,2025-02-02
28.0,16.0,2025-02-03
18.0,28.0,2025-02-04
22.0,50.0,2025-02-05
60.0,49.0,2025-02-06
68.0,45.0,2025-02-07
52.0,52.0,2025-02-08
48.0,46.0,2025-02-09
49.0,44.0,2025-02-10
49.0,41.0,2025-02-11
56.0,10.0,2025-02-12
10.0,13.0,2025-02-13
14.0,15.0,2025-02-14
